{
    "0.16666666666666666": {
        "faithfulness": [
            98.99516800877545,
            2.4075794282047758
        ],
        "faithfulness_all": [
            100.0,
            100.93023255813954,
            95.61752988047809,
            97.76785714285714,
            102.63157894736842,
            97.02380952380952
        ],
        "n_edges": [
            371.0,
            6.027713773341708
        ],
        "n_edges_all": [
            380,
            367,
            366,
            367,
            379,
            367
        ]
    },
    "0.3333333333333333": {
        "faithfulness": [
            98.60197368421052,
            1.8688868024301415
        ],
        "faithfulness_all": [
            100.0,
            100.0,
            100.0,
            98.66071428571429,
            94.73684210526315,
            98.21428571428571
        ],
        "n_edges": [
            252.66666666666666,
            0.9428090415820634
        ],
        "n_edges_all": [
            254,
            252,
            252,
            252,
            254,
            252
        ]
    },
    "0.5": {
        "faithfulness": [
            97.85391490988458,
            1.126279681160112
        ],
        "faithfulness_all": [
            98.19277108433735,
            99.06976744186046,
            95.61752988047809,
            98.66071428571429,
            97.36842105263158,
            98.21428571428571
        ],
        "n_edges": [
            196.0,
            0.0
        ],
        "n_edges_all": [
            196,
            196,
            196,
            196,
            196,
            196
        ]
    },
    "0.6666666666666666": {
        "faithfulness": [
            98.82200414792811,
            1.5295097126644113
        ],
        "faithfulness_all": [
            100.0,
            100.93023255813954,
            97.60956175298804,
            100.0,
            97.36842105263158,
            97.02380952380952
        ],
        "n_edges": [
            142.0,
            0.0
        ],
        "n_edges_all": [
            142,
            142,
            142,
            142,
            142,
            142
        ]
    },
    "0.8333333333333334": {
        "faithfulness": [
            98.83099182218494,
            1.728765040230754
        ],
        "faithfulness_all": [
            100.0,
            100.0,
            95.61752988047809,
            100.0,
            97.36842105263158,
            100.0
        ],
        "n_edges": [
            103.0,
            0.0
        ],
        "n_edges_all": [
            103,
            103,
            103,
            103,
            103,
            103
        ]
    },
    "1.0": {
        "faithfulness": [
            100.17056005978803,
            1.8586849544382047
        ],
        "faithfulness_all": [
            102.40963855421687,
            100.0,
            100.0,
            97.76785714285714,
            102.63157894736842,
            98.21428571428571
        ],
        "n_edges": [
            71.0,
            0.0
        ],
        "n_edges_all": [
            71,
            71,
            71,
            71,
            71,
            71
        ]
    }
}