{
    "0.16666666666666666": {
        "faithfulness": [
            100.19754749629607,
            1.305738339694356
        ],
        "faithfulness_all": [
            100.0,
            101.41843971631207,
            98.02631578947368,
            100.62893081761007,
            101.88679245283019,
            99.2248062015504
        ],
        "n_edges": [
            657.8333333333334,
            20.707620712084612
        ],
        "n_edges_all": [
            689,
            643,
            641,
            643,
            685,
            646
        ]
    },
    "0.3333333333333333": {
        "faithfulness": [
            96.55369336132871,
            1.4403415385537657
        ],
        "faithfulness_all": [
            97.1563981042654,
            95.0354609929078,
            96.71052631578947,
            94.9685534591195,
            96.22641509433963,
            99.2248062015504
        ],
        "n_edges": [
            401.6666666666667,
            0.9428090415820634
        ],
        "n_edges_all": [
            403,
            401,
            401,
            401,
            403,
            401
        ]
    },
    "0.5": {
        "faithfulness": [
            93.68992883078177,
            5.3538558232543405
        ],
        "faithfulness_all": [
            84.83412322274881,
            92.19858156028369,
            91.44736842105263,
            93.71069182389937,
            101.88679245283019,
            98.06201550387597
        ],
        "n_edges": [
            289.0,
            0.0
        ],
        "n_edges_all": [
            289,
            289,
            289,
            289,
            289,
            289
        ]
    },
    "0.6666666666666666": {
        "faithfulness": [
            95.77948728188426,
            5.1353799709082075
        ],
        "faithfulness_all": [
            88.15165876777252,
            95.0354609929078,
            94.73684210526315,
            94.9685534591195,
            105.66037735849056,
            96.12403100775194
        ],
        "n_edges": [
            212.0,
            0.0
        ],
        "n_edges_all": [
            212,
            212,
            212,
            212,
            212,
            212
        ]
    },
    "0.8333333333333334": {
        "faithfulness": [
            106.31046011152345,
            8.522329560217512
        ],
        "faithfulness_all": [
            93.8388625592417,
            103.54609929078013,
            117.76315789473684,
            103.77358490566037,
            101.88679245283019,
            117.05426356589147
        ],
        "n_edges": [
            148.0,
            0.0
        ],
        "n_edges_all": [
            148,
            148,
            148,
            148,
            148,
            148
        ]
    },
    "1.0": {
        "faithfulness": [
            135.2840036077545,
            19.479196893473652
        ],
        "faithfulness_all": [
            138.38862559241707,
            117.02127659574468,
            172.36842105263156,
            115.72327044025157,
            143.39622641509433,
            124.8062015503876
        ],
        "n_edges": [
            87.0,
            0.0
        ],
        "n_edges_all": [
            87,
            87,
            87,
            87,
            87,
            87
        ]
    }
}