{
    "0.16666666666666666": {
        "faithfulness": [
            99.93395329119596,
            0.4420708079387018
        ],
        "faithfulness_all": [
            100.0,
            100.40160642570282,
            99.58847736625515,
            100.0,
            99.1769547325103,
            100.43668122270742
        ],
        "n_edges": [
            269.0,
            74.96888243353594
        ],
        "n_edges_all": [
            208,
            431,
            245,
            218,
            267,
            245
        ]
    },
    "0.3333333333333333": {
        "faithfulness": [
            89.04787838379484,
            11.31135351252844
        ],
        "faithfulness_all": [
            90.73170731707317,
            65.06024096385542,
            98.35390946502058,
            89.27038626609442,
            92.18106995884774,
            98.68995633187772
        ],
        "n_edges": [
            107.16666666666667,
            29.952276856507737
        ],
        "n_edges_all": [
            85,
            86,
            149,
            85,
            88,
            150
        ]
    },
    "0.5": {
        "faithfulness": [
            84.69133156000844,
            8.900773832002105
        ],
        "faithfulness_all": [
            85.85365853658537,
            65.86345381526104,
            84.77366255144034,
            92.27467811158799,
            87.24279835390946,
            92.13973799126637
        ],
        "n_edges": [
            67.0,
            0.0
        ],
        "n_edges_all": [
            67,
            67,
            67,
            67,
            67,
            67
        ]
    },
    "0.6666666666666666": {
        "faithfulness": [
            78.78179840146726,
            9.024210819021995
        ],
        "faithfulness_all": [
            80.0,
            59.83935742971887,
            79.01234567901234,
            85.40772532188842,
            80.65843621399176,
            87.77292576419214
        ],
        "n_edges": [
            50.0,
            0.0
        ],
        "n_edges_all": [
            50,
            50,
            50,
            50,
            50,
            50
        ]
    },
    "0.8333333333333334": {
        "faithfulness": [
            78.14377629722391,
            9.068465725033802
        ],
        "faithfulness_all": [
            79.51219512195122,
            59.036144578313255,
            78.60082304526749,
            84.97854077253218,
            79.83539094650206,
            86.8995633187773
        ],
        "n_edges": [
            41.0,
            0.0
        ],
        "n_edges_all": [
            41,
            41,
            41,
            41,
            41,
            41
        ]
    },
    "1.0": {
        "faithfulness": [
            68.50559198165217,
            9.242574765693503
        ],
        "faithfulness_all": [
            67.8048780487805,
            49.59839357429719,
            68.3127572016461,
            76.39484978540773,
            71.19341563786008,
            77.72925764192141
        ],
        "n_edges": [
            32.0,
            0.0
        ],
        "n_edges_all": [
            32,
            32,
            32,
            32,
            32,
            32
        ]
    }
}